timestamp,flow,pressure,vibration,temperature,failure
2025-04-05 18:25:05.647,109.93428306022466,2.6539008844460295,0.8988643806002238,64.44271021531483,0
2025-04-05 19:25:05.647,97.2347139765763,1.644915803671687,1.0520421572455974,71.23252389216002,0
2025-04-05 20:25:05.647,112.95377076201385,1.8259072889471435,0.7543064676111121,72.49110874248393,0
2025-04-05 21:25:05.647,130.46059712816052,2.8716320470113574,0.310950415613246,75.70074519260633,0
2025-04-05 22:25:05.647,95.31693250553329,2.585432719063971,0.8199063855257924,77.90270343284186,0
2025-04-05 23:25:05.647,95.3172608610164,2.4080083318236603,0.5045929318624512,64.92452904086066,0
2025-04-06 00:25:05.647,131.58425631014782,2.5092169665326964,0.5414149954750729,65.94571244394831,0
2025-04-06 01:25:05.647,115.34869458305818,2.6737908526808356,0.875909205626528,63.712110705426916,1
2025-04-06 02:25:05.647,90.61051228130096,2.230120159845319,1.0714849214300908,68.82990070446509,0
2025-04-06 03:25:05.647,110.8512008717193,2.1108476372988436,0.7063814730208184,72.33179187223168,0
2025-04-06 04:25:05.647,90.73164614375075,2.597922627548841,0.7926499037796891,74.9366725829455,0
2025-04-06 05:25:05.647,90.68540492859486,2.010813611192484,1.2106644833905713,69.62024488178739,0
2025-04-06 06:25:05.647,104.83924543132068,2.7041263778572358,0.7722259538465704,68.40076238372578,0
2025-04-06 07:25:05.647,61.73439510684404,1.6487081978810798,1.4805049342541183,70.7587899612437,0
2025-04-06 08:25:05.647,65.50164334973934,3.014577818662822,0.8696528936894632,65.82428549184988,0
2025-04-06 09:25:05.647,88.75424941518054,2.7362987412065216,0.17177117225325467,80.44769360847387,0
2025-04-06 10:25:05.647,79.74337759331152,2.6280148671569377,0.9260024863313597,61.96169486440971,0
2025-04-06 11:25:05.647,106.28494665190547,2.991345491972757,0.8143475154648333,70.92370289447862,0
2025-04-06 12:25:05.647,81.83951848957578,3.3327372222312883,1.0869258262248236,80.1180310961482,0
2025-04-06 13:25:05.647,71.75392597329417,3.0071850325090654,0.9019544053809875,70.03399922279999,0
2025-04-06 14:25:05.647,129.31297537843108,1.5795628843341774,0.6584632048048679,69.04980482499253,0
2025-04-06 15:25:05.647,95.4844739902693,1.8602115166321491,0.33271052911319027,68.21277288594787,0
2025-04-06 16:25:05.647,101.35056409375848,2.1875907111521604,0.6372930228141924,69.09804159118796,0
2025-04-06 17:25:05.647,71.50503627573087,2.513045525105417,0.4448438637372099,76.86424237338265,0
2025-04-06 18:25:05.647,89.11234550949635,2.7588295102345617,0.5258429650585832,58.940690443352466,0
2025-04-06 19:25:05.647,102.21845179419732,2.137128093423267,0.8765735213261828,77.66716850648163,0
2025-04-06 20:25:05.647,76.98012845155395,2.5933833822385393,1.2009713513054217,62.88021423774927,0
2025-04-06 21:25:05.647,107.51396036691344,2.1223085338233387,0.8184014589468943,68.66673835382792,0
2025-04-06 22:25:05.647,87.9872262016239,2.1942410985040257,0.34123508138944464,67.85377789850669,0
2025-04-06 23:25:05.647,94.16612500413447,1.7966694515758888,0.8333808004660421,72.9427663488536,0
2025-04-07 00:25:05.647,87.96586775541206,2.038383376944548,1.0589894459936953,62.00937824058126,0
2025-04-07 01:25:05.647,137.04556369017877,1.8241576971918332,0.5170651287041853,72.31086333040972,0
2025-04-07 02:25:05.647,99.73005550524132,2.012063373511334,0.6597948499981247,80.12154811643427,0
2025-04-07 03:25:05.647,78.84578142088199,3.02682089830392,0.704406458418759,63.18412997703595,0
2025-04-07 04:25:05.647,116.45089824206377,2.0253005555840287,0.464530506075328,70.94853083805198,0
2025-04-07 05:25:05.647,75.58312700057955,3.816191032418695,0.8944841301531576,66.69008911101696,0
2025-04-07 06:25:05.647,104.1772719000951,2.7466589504404446,0.6637155554176655,72.12943603096518,0
2025-04-07 07:25:05.647,60.80659752240449,2.592418061847437,0.8258597331721083,70.09573888707877,0
2025-04-07 08:25:05.647,73.43627902203139,2.070821109909393,0.43375234665936996,66.79256545477845,0
2025-04-07 09:25:05.647,103.93722471738246,2.850154939704496,0.5687625099029768,72.43936142435537,0
2025-04-07 10:25:05.647,114.76933159990821,2.212181086881113,0.9167144073483313,79.02174054893372,0
2025-04-07 11:25:05.647,103.4273656237994,2.5610049073226806,0.5881500543724698,69.0454810413635,0
2025-04-07 12:25:05.647,97.68703435223519,3.7800422691343973,1.2180891553700215,73.5987897107409,0
2025-04-07 13:25:05.647,93.97792608821422,2.451970050137675,0.5801091443156192,63.53363521064418,0
2025-04-07 14:25:05.647,70.42956019265145,3.074636663142838,0.7674054177255657,65.21781811590995,0
2025-04-07 15:25:05.647,85.60311583210583,2.1484117874370563,0.9797772495619269,72.36203138940189,0
2025-04-07 16:25:05.647,90.78722458080425,2.4825057547515192,0.27449028012009047,77.42058014267982,0
2025-04-07 17:25:05.647,121.1424445243783,3.385400317817755,0.17175735640576717,71.7780667439283,0
2025-04-07 18:25:05.647,106.87236579136923,2.1865164711061165,0.24230310562897156,68.43470984738423,0
2025-04-07 19:25:05.647,64.73919689274533,3.4062242789984642,1.0787752310281546,69.99645702711678,0
2025-04-07 20:25:05.647,106.4816793878959,2.853875967727738,0.5344425562322659,63.74796133015141,0
2025-04-07 21:25:05.647,92.29835439167367,2.218766612052866,1.4674597857004756,73.02257663177683,0
2025-04-07 22:25:05.647,86.46155999388083,2.8162038695277607,0.5307257204027833,74.41166531161704,0
2025-04-07 23:25:05.647,112.23352577681736,2.986277224813365,0.755365390959111,67.7395483358346,0
2025-04-08 00:25:05.647,120.61999044991902,2.810904981108598,1.1626329857703626,67.6497892612025,1
2025-04-08 01:25:05.647,118.62560238232398,1.714887640054772,1.301827866447737,71.32939114826024,0
2025-04-08 02:25:05.647,83.21564953554723,2.136431412087566,1.3184510729909191,67.81640131979702,0
2025-04-08 03:25:05.647,93.81575248297571,2.3762406822242474,1.0625098691779427,69.66933692687088,0
2025-04-08 04:25:05.647,106.62526862807128,2.462783285449977,1.0072187577434386,80.49860894583257,0
2025-04-08 05:25:05.647,119.51090254244718,2.810336048775339,0.8777580847603549,68.76487149627002,0
2025-04-08 06:25:05.647,90.4165152430942,2.588850500466627,0.9335083228499913,68.20829923989389,0
2025-04-08 07:25:05.647,96.28682046672365,1.8323278206449494,0.5346442851014399,66.7622909718242,0
2025-04-08 08:25:05.647,77.87330051987944,2.6900989255029817,0.4545403349733078,73.72095985749968,0
2025-04-08 09:25:05.647,76.07586751838659,2.8052928726419117,0.6989876627767143,69.09387913390948,0
2025-04-08 10:25:05.647,116.25051644788397,2.7798952239655197,0.6489446132425214,66.75313480839287,0
2025-04-08 11:25:05.647,127.12480057141646,3.040390362777311,0.5640315852018174,76.60652016136505,0
2025-04-08 12:25:05.647,98.55979756839332,2.916961077274452,0.9089162342370145,77.09801502256819,0
2025-04-08 13:25:05.647,120.07065795784048,2.7295900396142185,0.9865915625711532,66.99788217130647,1
2025-04-08 14:25:05.647,107.23272050095268,2.4649171442706765,0.7265220658875542,60.66730024319692,0
2025-04-08 15:25:05.647,87.09760490789752,1.6695195332420043,1.1432590243165786,75.0375684491846,0
2025-04-08 16:25:05.647,107.22791211016828,2.7148091095662927,0.35749326575994844,66.57685087119998,0
2025-04-08 17:25:05.647,130.76073132931938,2.6038438435815556,0.6419021622160845,73.95312799581384,0
2025-04-08 18:25:05.647,99.28347921780097,2.6357894185976867,0.48495330381915847,60.14948091144082,1
2025-04-08 19:25:05.647,131.29287311628013,1.8616257120898454,0.140039014878082,74.46298669149655,0
2025-04-08 20:25:05.646,47.60509791820511,1.9594717297958688,0.6751957942471902,63.9441403535961,0
2025-04-08 21:25:05.646,116.43805008750448,3.026576426666452,0.6634757474850149,73.65382059533262,0
2025-04-08 22:25:05.646,101.74094136476343,2.4802224230716723,1.1540349229726392,70.07136533918217,0
2025-04-08 23:25:05.646,94.01985299068265,2.840750348686312,0.8892435053664332,65.23030290301678,0
2025-04-09 00:25:05.646,101.83521553071004,2.5141591880652308,0.39274395270123846,67.9648184353661,0
2025-04-09 01:25:05.646,60.248621707982146,2.5148780697478728,1.2562277699002564,73.4315922847835,0
2025-04-09 02:25:05.646,95.60656224324975,2.9691419029879986,1.066310108657606,70.52947226557617,0
2025-04-09 03:25:05.646,107.14225143023492,2.2419776358913133,0.8746293110405847,72.92206490236242,0
2025-04-09 04:25:05.646,129.55788089483033,2.5480603884704918,0.6320547703450504,79.88220292257742,0
2025-04-09 05:25:05.646,89.63459563452705,2.268862355647479,0.412168228982956,62.17879194144474,0
2025-04-09 06:25:05.646,83.83012794213624,2.282751886283842,0.588337967178684,78.08606287484312,0
2025-04-09 07:25:05.646,89.96485912830927,2.3454139382656805,1.0266245859112557,70.52177968761606,0
2025-04-09 08:25:05.646,118.30804235404148,2.6110668858168564,1.2653758917803826,65.50607975838436,0
2025-04-09 09:25:05.646,106.57502219319369,2.2606256891682612,1.1629730584816567,63.34843187130505,0
2025-04-09 10:25:05.646,89.40479592465923,3.1278780627867606,0.5533451734641177,69.05439804611483,0
2025-04-09 11:25:05.646,110.26534866226712,2.052696348890248,0.3641147700132966,74.60825055962229,1
2025-04-09 12:25:05.646,101.9415509869608,2.4065641779193205,0.7422658740733611,69.36225439811233,0
2025-04-09 13:25:05.646,119.37289981065778,2.2801344708629125,0.16946819033114446,77.55577465123673,0
2025-04-09 14:25:05.646,85.95893812245295,3.2234889421768664,0.7969503142554344,62.744121549742204,0
2025-04-09 15:25:05.646,93.44675706804463,2.5982773882557875,0.6557192241103994,69.93955526076972,0
2025-04-09 16:25:05.646,92.15783693735685,3.0159222697343173,0.5601890494395273,63.73803277793441,0
2025-04-09 17:25:05.646,70.72970103735763,1.757219813481514,0.22158907981996134,71.81815941312485,0
2025-04-09 18:25:05.646,105.92240554129152,2.633525132934629,0.854080031970915,74.4344369504865,0
2025-04-09 19:25:05.646,105.22110544359779,2.9448153978117184,0.5401897481014265,67.89619103159474,0
2025-04-09 20:25:05.646,100.10226913284922,2.5411419946377123,0.3490249492869136,56.978930716864326,0
2025-04-09 21:25:05.646,95.30825733249706,3.0327401875326756,0.0,70.99474073398247,0
2025-04-09 22:25:05.646,71.69258515899172,2.241355774949814,0.6917455284848091,72.18369275866755,0
2025-04-09 23:25:05.646,91.58709354469282,3.20467372009279,1.231675479000923,72.02147377480848,0
2025-04-10 00:25:05.646,93.14570966946461,3.649449061809625,1.198377764364361,76.17891095911077,0
2025-04-10 01:25:05.646,83.95445461556761,2.3185807197801704,0.5628711230241183,64.64473160175476,0
2025-04-10 02:25:05.646,96.77428576667981,2.277248739299614,0.5193363818914658,73.40108052725225,0
2025-04-10 03:25:05.646,108.08101713629077,3.2266922385588503,0.8406322768225071,75.96253756238987,0
2025-04-10 04:25:05.646,137.7237180242106,3.2897860728653563,0.4004843682435125,61.10706207996742,0
2025-04-10 05:25:05.646,103.49155625663678,2.2385699864233657,0.7905375699458398,71.59825912959488,0
2025-04-10 06:25:05.646,105.15100781445528,2.2899065914520715,0.929824083515407,67.47910084496164,0
2025-04-10 07:25:05.646,98.51108168467665,2.3591076955697465,1.0680799671652923,69.59238663449177,0
2025-04-10 08:25:05.646,61.62457569401917,1.8277747444828614,0.6699537770560141,71.73838241769168,0
2025-04-10 09:25:05.646,99.46972249101566,2.040674026757901,0.6388978749469102,67.56385717943223,0
2025-04-10 10:25:05.646,101.20460419882053,1.9979296166239662,0.43660522397303164,66.62145960419194,0
2025-04-10 11:25:05.646,149.26484224970574,2.1161012174479357,0.45193589378804194,70.17076208744012,0
2025-04-10 12:25:05.646,96.15278070437755,2.4826575563066093,0.632056332429542,64.56377030568599,0
2025-04-10 13:25:05.646,106.03094684667225,2.6171073662682605,0.8102096520448534,64.57087435557408,0
2025-04-10 14:25:05.646,99.30576460589513,3.2752502464070385,0.9740753878699748,73.39686641478252,0
2025-04-10 15:25:05.646,76.62643924760935,2.0008229796306045,0.4590463147958965,64.25602982420672,0
2025-04-10 16:25:05.646,122.85645629030041,2.992161199238292,1.1478065706878564,73.33156250454606,0
2025-04-10 17:25:05.646,115.03866065373549,2.3930055778872457,0.6186629196872293,72.31295646426976,0
2025-04-10 18:25:05.646,115.82063894086093,2.4752681451737835,0.6935898116954691,61.37096635604702,0
2025-04-10 19:25:05.646,81.81225090410521,2.837409746083302,0.47583649625565294,66.61217673832172,0
2025-04-10 20:25:05.646,128.05588621872198,1.9386389892188507,0.0,75.97054701523686,0
2025-04-10 21:25:05.646,71.96297874415438,2.6912048730920253,0.9652136189083149,65.0941723443016,0
2025-04-10 22:25:05.646,111.73714187600541,2.583226104106528,0.9210531691277299,67.67797868845307,0
2025-04-10 23:25:05.646,143.80911251619958,2.7462256320040748,0.6156017328645359,72.31030446625948,0
2025-04-11 00:25:05.646,80.18927349738624,2.644584321953909,0.7200972151674615,73.91695254641297,0
2025-04-11 01:25:05.646,88.67404540794456,3.7276500699554473,0.8547817653112297,68.74230556977753,0
2025-04-11 02:25:05.646,101.99302730175282,2.181130007874342,0.23123624293403716,67.01244902654179,0
2025-04-11 03:25:05.646,89.93048691767602,2.234501522499091,0.5412841967961115,77.11184930849254,0
2025-04-11 04:25:05.646,68.98673137867735,2.1884297367876178,0.9382794038865481,78.6944983189879,0
2025-04-11 05:25:05.646,101.37125949612054,2.2222614404198726,0.32371317304922514,74.89429025390898,0
2025-04-11 06:25:05.646,78.7539257254779,2.181306436346741,0.7880673796499887,70.42659071282512,0
2025-04-11 07:25:05.646,109.47184861270364,3.0945082655537757,0.29302545861297846,65.95867139179536,0
2025-04-11 08:25:05.646,81.61151531532394,3.2102521239949273,0.8399289947300579,65.84777796721717,0
2025-04-11 09:25:05.646,130.9986881003508,2.214626853125262,0.6893075553107549,72.61257052632878,0
2025-04-11 10:25:05.646,84.33493415327526,2.0838222134478857,0.21546045522834711,72.09199110444342,0
2025-04-11 11:25:05.646,93.55876967588648,2.735707778193202,1.0494218063371514,77.00799296473215,0
2025-04-11 12:25:05.646,116.27034434739339,2.2238884778595143,0.47962252696058516,73.25225046268069,0
2025-04-11 13:25:05.646,75.3827136713209,2.8164659088777553,0.45692426889568566,62.48459849120091,0
2025-04-11 14:25:05.646,104.54919869208258,2.6014615104256498,0.7601707591692828,75.2597380886146,0
2025-04-11 15:25:05.646,126.14285508564856,1.742127942501384,1.0445912048286146,65.00969686342793,0
2025-04-11 16:25:05.646,67.85033530877544,3.2737526006650306,0.3952534543064809,68.08014364023825,0
2025-04-11 17:25:05.646,103.69267717064608,3.3979388365477607,0.7185039549543915,71.25100103125847,0
2025-04-11 18:25:05.646,105.19765588496847,2.193605654757807,0.8286449500991718,79.97833744891982,0
2025-04-11 19:25:05.646,115.6364574355462,2.3061492200320077,0.9079316821789432,85.5495927800268,0
2025-04-11 20:25:05.646,75.26098578243835,2.6429326953624526,0.7529324665831675,73.03361529568092,0
2025-04-11 21:25:05.646,73.59086773831447,2.6672283949935123,0.5898916482750033,69.08401690639806,1
2025-04-11 22:25:05.646,110.43883131233795,2.829272136336415,0.4517229338053841,72.67252824240275,0
2025-04-11 23:25:05.646,105.93969346466372,3.505102269383175,0.7258431649139124,74.43827712936918,0
2025-04-12 00:25:05.646,105.00985700691753,2.411526386252975,0.3783582964043179,68.39666187221404,0
2025-04-12 01:25:05.646,106.9289641899395,2.1008513777307734,0.0,78.97605677956162,0
2025-04-12 02:25:05.646,86.39950556843019,1.8103403859927365,0.8309679412473003,71.15035379595702,0
2025-04-12 03:25:05.646,104.64507394322007,2.1345349800290405,0.9711804523258585,72.48871544545698,0
2025-04-12 04:25:05.646,105.86144946597362,2.4834365135631016,0.0,73.3296212602723,0
2025-04-12 05:25:05.646,85.71297163947264,3.397278931758894,0.39708078858701873,72.10793305307227,0
2025-04-12 06:25:05.646,137.31549022289514,2.2411943504819143,0.8857462783015593,74.19470250234806,0
2025-04-12 07:25:05.646,109.47665841823576,2.611893975819449,1.3172486409135096,66.91373406726538,0
2025-04-12 08:25:05.646,76.17393005594703,2.491788551963624,0.7062381123026223,67.20849123026984,0
2025-04-12 09:25:05.645,113.1310721726766,3.094196636724042,0.4815991176312596,64.49922883514152,0
2025-04-12 10:25:05.645,80.50636659545357,3.7634662129368106,0.6451310676685479,72.19750615310113,0
2025-04-12 11:25:05.645,115.74169207484904,2.2345656135398397,1.1124629257444554,73.89468251756057,1
2025-04-12 12:25:05.645,123.17191158014808,2.255280278740889,0.5062107462626394,72.28886433075942,0
2025-04-12 13:25:05.645,83.5863536329658,3.022080438534536,0.4602423980049239,78.37246216673769,1
2025-04-12 14:25:05.645,119.26752258488644,2.8409457448131556,0.5551769433453903,69.97201990585476,0
2025-04-12 15:25:05.645,108.25561853872996,3.423353662868017,0.4140014175223863,73.34370827796256,0
2025-04-12 16:25:05.645,116.4412031998898,2.791964092662982,0.7368010947984386,64.54149561930343,0
2025-04-12 17:25:05.645,137.93585965307895,2.32035395460647,1.187403537540868,68.064501487628,0
2025-04-12 18:25:05.645,95.09223767994258,2.7953274153461547,0.7969237819348087,73.47768878782888,0
2025-04-12 19:25:05.645,84.9252767128502,3.054351790291454,0.6242939493621137,74.24551055371572,0
2025-04-12 20:25:05.645,82.20971140748954,2.910241090598682,0.6124566193253367,68.53016526167909,0
2025-04-12 21:25:05.645,83.68379430069123,2.753637015553649,0.23104275739100288,69.64200374070967,0
2025-04-12 22:25:05.645,98.45796581171791,3.033337344794577,0.9649329331441476,62.410631266595956,0
2025-04-12 23:25:05.645,106.82303949633288,3.0846477952228364,0.6766488408961594,68.21485399596695,0
2025-04-13 00:25:05.645,105.53381598660039,3.1910794955187636,0.6458560259228122,74.45191581759893,0
2025-04-13 01:25:05.645,116.54366498072048,2.8243549437948214,1.657932270353458,72.87602508053283,0
2025-04-13 02:25:05.645,100.26003783755814,2.416440959841573,0.7896258725097058,72.50332860690605,0
2025-04-13 03:25:05.645,129.07068154314635,2.5733568432166614,0.47446268497144467,70.2488684359048,0
2025-04-13 04:25:05.645,94.70686333524088,3.1032544832541786,0.572092721138337,70.03531579314088,0
2025-04-13 05:25:05.645,154.40338333179238,2.091532164506382,1.0445337127590264,66.69839430263276,0
2025-04-13 06:25:05.645,112.51334695530012,2.6843366544364504,0.7339811231613292,73.49414210101267,0
2025-04-13 07:25:05.645,82.85684887167434,2.3033305938363196,0.26851660650479,72.10486472194695,0
2025-04-13 08:25:05.645,78.58215003877775,2.514372411467409,0.9757686803725609,72.460094239964,0
2025-04-13 09:25:05.645,109.64944830486371,3.1392259313036495,0.4995567743383018,67.3698257866621,0
2025-04-13 10:25:05.645,95.53074429348298,2.5955495340099515,1.2619893328652636,59.23328540064378,0
2025-04-13 11:25:05.645,114.28000988184183,2.5232182740780744,1.0240144197143946,75.48576355876848,0
2025-04-13 12:25:05.645,109.4647524914709,1.8200719295100405,0.5658034313023745,67.60581271995798,0
2025-04-13 13:25:05.645,98.54342174686255,2.8731267830136105,1.0843049085205338,65.6861211797844,0
2025-04-13 14:25:05.645,83.06412563863191,2.8227420905705376,0.720356653158221,73.46739455956997,0
2025-04-13 15:25:05.645,69.70305550628271,3.58162736165273,0.9558321025366658,68.03993680040435,0
2025-04-13 16:25:05.645,91.06970095865958,2.3461108825234995,0.8454198451883423,75.29968192023311,0
2025-04-13 17:25:05.645,117.12797588646944,2.6095751638319693,0.4460930035027379,73.08502974788348,0
2025-04-13 18:25:05.645,104.28187488260409,2.6246918418553777,0.5069350503047614,73.4178466160024,0
2025-04-13 19:25:05.645,75.08522442576023,3.2887266398817374,1.0089882452743484,63.17022144399733,0
2025-04-13 20:25:05.645,103.46361851702363,2.452352233806524,0.5995674003680377,76.059719926932,0
2025-04-13 21:25:05.645,107.70634759457674,2.6395107628851697,0.5789054610274009,71.30625265616928,0
2025-04-13 22:25:05.645,82.32285127597734,2.8039482548582697,0.4134632261951941,68.15361430376899,0
2025-04-13 23:25:05.645,103.07450211891056,2.593304561578179,0.8270797196780383,70.71694233671126,0
2025-04-14 00:25:05.645,101.16417436892,2.2767831927247357,1.3187574757729434,61.1188238355084,0
2025-04-14 01:25:05.645,77.14059404338754,2.5970449964491538,0.3797401257237181,72.04326405740335,0
2025-04-14 02:25:05.645,107.15574720696567,3.036815874929886,0.7072658370018273,64.85314245908964,0
2025-04-14 03:25:05.645,111.21569052736469,1.9867423502944699,1.1236661666246288,63.23664857078233,0
2025-04-14 04:25:05.645,121.66102486350553,2.566484837073438,0.6761075826262855,62.38820406891055,0
2025-04-14 05:25:05.645,121.07604104069806,2.1499395925304134,0.8357115388749201,75.56344187494963,0
2025-04-14 06:25:05.645,72.44661264085818,3.0975233144624212,0.38128194155593603,66.85368303153605,1
2025-04-14 07:25:05.645,81.24349920169755,1.7384065476081125,0.8284921291622945,77.6686385495825,0
2025-04-14 08:25:05.645,110.3007053441732,2.2205390763642057,0.6438567204986353,67.32099268473851,0
2025-04-14 09:25:05.645,110.27571901824417,2.6886059375322606,0.9957189987039589,61.463210212035264,0
2025-04-14 10:25:05.645,110.30095372612095,3.28276201461717,1.0562158154694252,64.4173778002567,0
2025-04-14 11:25:05.645,177.05462981309444,2.467124869463506,1.476869092605584,76.1790581000347,0
2025-04-14 12:25:05.645,111.41781021386333,2.222400236653401,0.8738899519640726,69.22050911031667,0
2025-04-14 13:25:05.645,122.71131280361197,3.440578534720295,0.7977388949746499,67.25856351754699,0
2025-04-14 14:25:05.645,119.08003526986406,1.7759930497918779,0.7583152904732008,70.80009112926393,0
2025-04-14 15:25:05.645,113.02782502611596,1.400597021689959,0.5940501121567935,72.50891368083772,0
2025-04-14 16:25:05.645,93.69461510719309,2.720007225026666,0.8015451530385073,75.58699407951231,0
2025-04-14 17:25:05.645,115.17938440986535,2.2489728878236943,0.6113795769582911,77.24249614946463,0
2025-04-14 18:25:05.645,84.54349570924856,1.9893835914346434,0.7505382928808843,68.20115677105457,0
2025-04-14 19:25:05.645,95.26362786519982,2.8541782236496767,1.0952792606823878,63.36976156958981,0
2025-04-14 20:25:05.645,90.29272904341794,2.6219003568855994,0.3980372304161076,67.93267419438362,0
2025-04-14 21:25:05.645,101.63748278772646,2.217960684631636,1.0419635683387136,71.30140253291444,0
2025-04-14 22:25:05.645,146.29317133347018,1.8598478006645527,1.0951345202019596,65.18120536894695,0
2025-04-14 23:25:05.638,62.65469614816504,2.9362286641400726,0.6645794419026764,65.21424542552478,0
2025-04-15 00:25:05.638,113.72520380749027,2.8251005889793306,0.06344353029742156,71.71893940774943,0
2025-04-15 01:25:05.638,67.74568257620697,2.4504120681103085,0.5176534038716702,69.75673824214775,0
2025-04-15 02:25:05.638,90.56136268421133,3.423318498023833,1.0890983639683327,70.16398497705794,0
2025-04-15 03:25:05.638,121.77901193934733,1.9649576168369238,0.6931395813103354,66.20752332649965,0
2025-04-15 04:25:05.638,101.28560038190926,1.7372374145376306,0.4002093303115267,68.84799642897116,0
2025-04-15 05:25:05.638,78.44510444141387,2.1540459650593777,0.5485675236315347,65.37883427865847,0
2025-04-15 06:25:05.638,85.69392581480064,2.4772069918222512,0.9521860079513659,74.45099205562393,0
2025-04-15 07:25:05.638,113.59195497869352,2.621669724661346,0.8640200704604137,75.17624667361876,0
2025-04-15 08:25:05.638,85.39266736565727,2.379381971071835,0.6283203702490917,60.76906068880953,0
2025-04-15 09:25:05.638,104.3291717916395,2.6760276982571485,0.5899526764555937,65.35244569903794,0
2025-04-15 10:25:05.638,100.91143679807628,1.874230287904778,0.5824725552868534,62.51735372454961,0
2025-04-15 11:25:05.638,86.96799304788365,3.22188230203663,0.4232769446504492,66.74988032796551,0
2025-04-15 12:25:05.638,142.8788817865065,2.4589244108037156,1.1846127068408325,69.58281015104819,0
2025-04-15 13:25:05.638,112.67838044636022,3.058647915794064,0.603303859236598,62.75177390150735,0
2025-04-15 14:25:05.638,59.49714826684786,2.671362673188852,1.065147556247649,65.39070093437343,0
2025-04-15 15:25:05.638,103.72908629538856,2.728376609576892,1.1563948155767354,64.98021313959251,0
2025-04-15 16:25:05.638,86.76427070463224,2.784883640116102,0.9994932694443881,71.03633664699473,0
2025-04-15 17:25:05.638,117.04866669592448,2.7238542800086574,0.5705139061845854,70.34672168518125,0
2025-04-15 18:25:05.638,84.14958523134598,2.821361379933772,0.8211190271009827,66.39131223331373,1
2025-04-15 19:25:05.638,97.70527117066202,3.1645762650662155,0.6927413180827251,70.884104360697,0
2025-04-15 20:25:05.638,110.09974557960915,2.598260584850735,0.4288894417809615,67.26659957706367,0
2025-04-15 21:25:05.638,117.31510388340243,2.854501878794256,0.7973077845164809,68.64172444836973,0
2025-04-15 22:25:05.638,75.99407185888447,2.4551321528563865,0.3462880626520592,78.36726045149268,0
2025-04-15 23:25:05.638,93.30997528318103,3.220058607724736,1.056303816538469,76.70230525895174,0
2025-04-16 00:25:05.638,90.50109377678088,2.161803848970365,0.560614810810482,63.50209381536201,0
2025-04-16 01:25:05.638,86.93341534852576,3.4004702164554077,0.7603478967618518,74.14866208939587,0
2025-04-16 02:25:05.638,135.30908480562192,2.4799210246778283,0.7849863614638426,74.05698277245796,0
2025-04-16 03:25:05.638,108.09963421921911,1.784612448940976,0.6223285078887768,64.2586835562369,0
2025-04-16 04:25:05.638,74.78232091329909,2.5640522074553944,0.8760081404425824,74.09388821877431,0
2025-04-16 05:25:05.638,118.35723894109552,2.1594741712625596,0.5575289030132426,77.68965959206277,0
2025-04-16 06:25:05.638,142.44312394025266,2.920321774494362,0.9613891892371732,64.38727596877793,0
2025-04-16 07:25:05.638,120.64930521102293,2.1736880103488048,0.2962060959259754,65.41248589492868,0
2025-04-16 08:25:05.638,69.61260068091974,2.27690828339261,0.7379138738639235,75.08830733421752,0
2025-04-16 09:25:05.638,90.31531854267497,1.5552296345272345,1.2816786997174854,71.35747655412824,0
2025-04-16 10:25:05.638,125.33822298373245,2.2738468403754615,0.39990060261832755,72.75738137619761,0
2025-04-16 11:25:05.638,85.84661068762438,1.2880603366855217,0.49667650884254455,71.70294608200248,0
2025-04-16 12:25:05.638,108.87638856292457,1.7080485882571383,0.8541723548976745,71.95347960464072,0
2025-04-16 13:25:05.638,115.49268106858673,2.8802073280721485,0.7538745345818794,63.367639358444585,0
2025-04-16 14:25:05.638,81.46139056843833,2.892900079325416,0.8051890297820677,75.23658853310724,0
2025-04-16 15:25:05.638,98.809492878764,2.7127287808924825,0.846756139044299,75.84794996213887,0
2025-04-16 16:25:05.638,35.17465319861854,2.0165119284353934,0.8904164405685309,68.85304627965986,0
2025-04-16 17:25:05.637,79.51224717331421,2.4761443219290102,1.0329099525868668,69.78261525093069,0
2025-04-16 18:25:05.637,94.9486369721368,2.4981987304547157,0.8229455970785537,62.34446248722139,0
2025-04-16 19:25:05.637,75.04433636070301,1.9208176554037286,0.6276227036144373,72.57127378008917,0
2025-04-16 20:25:05.637,132.64822607863272,3.2516991508835753,0.9017721103608194,72.86028720857072,0
2025-04-16 21:25:05.637,71.39717244078734,2.938681145287836,1.2699645804685646,69.68904491500345,0
2025-04-16 22:25:05.637,91.19911026606033,2.389517913085168,0.6602098760852279,75.62176679935251,0
2025-04-16 23:25:05.637,102.61481154572182,2.5134429194972654,0.40764120859880754,68.3296138451003,0
2025-04-17 00:25:05.637,128.82546578132232,2.6041914039737764,1.0321242007860918,72.823029629468,0
2025-04-17 01:25:05.637,71.2827569764112,1.4791325657878547,0.6638856508139205,64.90167830653942,1
2025-04-17 02:25:05.637,123.26327504309918,2.3764113087397014,0.04819913619578908,69.88223924562881,1
2025-04-17 03:25:05.637,100.20466122039174,2.159007876001101,0.9542265031451265,69.12822871048581,0
2025-04-17 04:25:05.637,80.36982697904098,1.9991899950525422,0.5394015442138231,71.1265396102047,0
2025-04-17 05:25:05.637,109.24206948526542,2.3594498535570225,0.6728400153087517,68.15236535583321,0
2025-04-17 06:25:05.637,103.9811939114694,3.3988432634247614,0.7995940991707043,69.34263702164166,0
2025-04-17 07:25:05.637,87.9956624568241,2.820421430633505,0.7571499039337198,74.13023585720754,0
2025-04-17 08:25:05.637,101.39604169980038,2.2144105051086016,0.9128355451417118,67.81617881380892,0
2025-04-17 09:25:05.637,92.2937280627648,2.7862913906780795,0.5693540888290469,61.96711449630661,0
2025-04-17 10:25:05.637,102.27034690502497,3.199677718293001,0.8539317394528247,78.7479195210271,0
2025-04-17 11:25:05.637,113.24261349042094,2.9623168414563845,0.6221359967248248,76.90727039345244,0
2025-04-17 12:25:05.637,131.72033632290703,2.529815184960087,0.9216431442662508,63.538686524471906,1
2025-04-17 13:25:05.637,75.24369002346302,2.176531611147213,0.884610245203916,73.44853902622597,0
2025-04-17 14:25:05.637,142.66066749312535,2.849111656806795,0.41936838938662135,67.48512614724328,0
2025-04-17 15:25:05.637,60.958244009549965,2.696742692710875,1.0257946348525095,71.3174360766553,0
2025-04-17 16:25:05.637,96.96429809928833,2.947596610013866,0.5392109664657856,71.47112064506747,0
2025-04-17 17:25:05.637,111.76634412969153,2.8175859008409847,0.9424173394843435,68.82796099841839,0
2025-04-17 18:25:05.637,105.61983735470065,3.0247763576596673,0.8101861940204022,66.08117167206802,0
2025-04-17 19:25:05.637,87.54600960358812,2.232382394219716,1.2514551030385368,66.5472947384187,0
2025-04-17 20:25:05.637,95.83755499285449,3.158697032817163,0.6329602052884443,65.41904042259378,0
2025-04-17 21:25:05.637,90.13998130682334,2.5987998023462,0.5952049611645407,65.84088895884777,0
2025-04-17 22:25:05.637,88.21270486111577,3.5376304363126327,0.6941741182336801,69.66410854975322,0
2025-04-17 23:25:05.637,116.99204194042049,2.155406090955216,0.6090460651497174,66.42120005444625,0
2025-04-18 00:25:05.637,107.14030971930094,3.367981901582625,0.939982570582615,73.4102603285631,0
2025-04-18 01:25:05.637,86.14180809478691,2.598955391731324,0.2151068174690236,77.43623077667964,0
2025-04-18 02:25:05.637,117.99199750866501,2.1742909981927756,0.38389527425609377,67.09973379314978,0
2025-04-18 03:25:05.637,106.14599041753219,2.2580570829728392,0.37965912352624204,71.19702250267689,0
2025-04-18 04:25:05.637,116.2572423767792,2.33982634590284,0.9850922775920727,72.49842555151467,0
2025-04-18 05:25:05.637,112.59257683847224,2.712082973200958,1.2131840117745774,72.36001135459637,0
2025-04-18 06:25:05.637,83.42009978155855,2.76141774401775,0.6686652344387585,70.37977633958043,0
2025-04-18 07:25:05.637,88.79637919606061,2.2131499980307106,0.6493534830429968,73.71341209179862,0
2025-04-18 08:25:05.637,114.94587210246523,2.4878227038695084,0.7210156489339544,72.41124476340329,0
2025-04-18 09:25:05.637,112.2074053086693,3.571135179305932,1.048563490782457,63.81168788836351,0
2025-04-18 10:25:05.637,99.58196812071704,3.3637715850503556,0.42179405974282774,74.34578032194636,0
2025-04-18 11:25:05.637,102.34654766617564,2.7181618348370162,0.7715106948204355,74.4364541863337,0
2025-04-18 12:25:05.637,125.5532979157685,2.5190017390841,0.9925592889347289,66.18356947910709,0
2025-04-18 13:25:05.637,88.1685722232834,2.5600156633591307,0.8503282509819535,70.18968917723801,0
2025-04-18 14:25:05.637,110.94194762340075,2.8067589863652085,0.756874484979623,73.41664496405535,0
2025-04-18 15:25:05.637,95.95614695132213,1.9886037174007973,1.0003138277701422,68.9534309021032,0
2025-04-18 16:25:05.637,95.6463759354556,2.3713117312883276,0.0,75.36489023883006,1
2025-04-18 17:25:05.637,121.9755370397438,1.6657079630612053,0.9033625958592723,81.8193624730968,0
2025-04-18 18:25:05.637,116.5083269797606,2.6996115613026395,0.5037772950617728,66.07006983682508,0
2025-04-18 19:25:05.637,116.27019272001277,2.8235979698513707,0.15081013094306295,63.094776984231125,0
2025-04-18 20:25:05.637,126.10957614308658,2.258406768850313,0.8533607798574941,71.51909297802437,0
2025-04-18 21:25:05.637,100.42007683265518,3.2869933816450163,1.1120975635488872,73.60781252563072,0
2025-04-18 22:25:05.637,113.63905942589928,1.8871171684988295,0.6587654456116924,68.84566813077616,0
2025-04-18 23:25:05.637,93.79466486813088,1.76781255989509,0.9858623641608816,77.26630331660517,0
2025-04-19 00:25:05.637,106.48332704976885,2.612225909279986,1.1836834773965936,63.30697100138376,0
2025-04-19 01:25:05.637,97.39713891264631,3.023549151306077,1.0944743360752143,73.46459311515805,0
2025-04-19 02:25:05.637,101.93991929985437,3.3419638457289342,1.1919893588114179,66.97069589620553,0
2025-04-19 03:25:05.637,111.90314050873828,2.27055786856553,0.9226382473215676,78.59688953103648,0
2025-04-19 04:25:05.637,83.63558633533054,3.039340416715648,0.7226300916704778,79.9625767658406,0
2025-04-19 05:25:05.637,141.8477455137092,2.4807457652496465,0.21941025643084944,66.16671706108326,0
2025-04-19 06:25:05.637,79.87965237000596,2.41368635002959,0.6261812535610154,67.2522143204571,0
2025-04-19 07:25:05.637,75.71622774424536,2.941829968743336,0.44702602140514247,74.297939434899,0
2025-04-19 08:25:05.637,123.16221747000135,2.82616143920671,1.351282815249344,68.06434675105243,0
2025-04-19 09:25:05.637,115.83325387925872,1.7118039215078753,0.647234256270299,69.77294391033881,0
2025-04-19 10:25:05.637,112.4823963410431,3.238270174862948,0.7369614420353456,70.12694210271205,1
2025-04-19 11:25:05.637,112.5669101852856,3.1900456770737255,0.8654456128121402,60.40163421901172,0
2025-04-19 12:25:05.637,99.7550645430617,2.1872186492452355,0.7130807339117361,69.93081126952882,0
2025-04-19 13:25:05.637,82.05491257028336,2.6979017667187044,1.2085153121292258,66.55136112967914,0
2025-04-19 14:25:05.637,101.51609116387452,2.7470150931413695,0.5132051914796644,67.53438588800114,0
2025-04-19 15:25:05.637,86.45676576975777,2.6303368829119536,0.7583822365711728,77.21816001734408,0
2025-04-19 16:25:05.637,119.50239466835502,2.22484742307729,0.4772588242905855,63.71746552860372,0
2025-04-19 17:25:05.637,97.05885236995722,2.164188316030974,0.30399324663378824,74.06602593373988,0
2025-04-19 18:25:05.637,83.49005606414977,2.4872229645042774,0.5164692727284144,68.60518534834095,0
2025-04-19 19:25:05.637,93.57228316694014,3.086364509629682,0.6888889608854764,68.60119915752082,0
2025-04-19 20:25:05.637,108.25862908551248,2.771800077297216,0.571209332644822,73.95185948025856,0
2025-04-19 21:25:05.637,88.7255089439205,2.314692833956947,0.49227370603784315,71.70025647284446,0
2025-04-19 22:25:05.636,83.55559208867137,2.885849355324172,0.2781047608984498,72.85306498609765,0
2025-04-19 23:25:05.636,104.87374422983825,1.0757286896849623,0.6750683282113915,74.84092330266431,0
2025-04-20 00:25:05.636,104.89933142217446,3.0743828501860517,0.2485838877906993,68.34345808408338,0
2025-04-20 01:25:05.636,89.8611364925774,1.63014311061095,0.9280167891068807,66.93881632746125,0
2025-04-20 02:25:05.636,90.57923388763355,2.318779529298434,0.724731925880351,64.57424736721102,0
2025-04-20 03:25:05.636,104.64099874715272,1.940165052686928,0.2627345501605208,65.87294735010522,0
2025-04-20 04:25:05.636,71.03831317005351,1.852659262139547,0.6072372768850409,84.74547212654363,0
2025-04-20 05:25:05.636,71.8507245124689,3.08041339368926,0.47435307832282503,76.22339790368393,0
2025-04-20 06:25:05.636,85.63111557495128,2.2661493993440542,0.7957523531257541,63.24462816895989,0
2025-04-20 07:25:05.636,95.73105696576306,2.6732519408653577,1.1021351338069434,63.38771021628215,0
2025-04-20 08:25:05.636,106.2181513119601,2.476539710560408,0.13744825910627656,72.40933030859246,0
2025-04-20 09:25:05.636,129.50712433899105,2.738520413611561,0.7345078237442251,72.73632398688983,0
2025-04-20 10:25:05.636,117.15319246404039,2.538410945530128,0.6519601613300079,72.74441917658682,0
2025-04-20 11:25:05.636,96.80122940073146,1.8585038879057152,0.9014020229351396,68.72522103223152,0
2025-04-20 12:25:05.636,99.61967584194622,2.99813340972357,0.7639589884713067,69.3727286999855,0
2025-04-20 13:25:05.636,79.94941270724382,2.253121708419344,0.4744092004783542,71.63939762079679,0
2025-04-20 14:25:05.636,99.6297372801522,1.7217090506701245,0.6042838193000145,70.42946503146665,0
2025-04-20 15:25:05.636,94.22682722159723,2.2859424195170437,0.4611922429589532,58.90349813626233,0
2025-04-20 16:25:05.636,106.45437120676179,3.250379895317155,1.0228021415795794,68.85100184712402,0
2025-04-20 17:25:05.636,83.45538112895355,2.9251108710567464,0.7063934946015826,65.74296782869843,0
2025-04-20 18:25:05.636,110.38693028482345,2.3256739327960703,1.2703572057259023,70.87605709454256,0
2025-04-20 19:25:05.636,130.65477826005156,2.3253711478407855,0.6818017558556138,84.92629501301705,0
2025-04-20 20:25:05.636,97.82479703086285,2.3391824743913086,0.4874779699268611,71.83740832737152,0
2025-04-20 21:25:05.636,108.03423444197882,3.5383739917804204,0.2458856822161518,68.432351569138,0
2025-04-20 22:25:05.636,113.80287983422225,2.6909677261157765,0.1590580971232165,74.60900750988625,0
2025-04-20 23:25:05.636,91.97559056228327,2.715020823595535,0.22475921709835306,72.41343943604606,0
2025-04-21 00:25:05.636,104.48184963620834,3.015141727015921,0.780137995303445,72.10047245225921,0
2025-04-21 01:25:05.636,100.2518480156359,2.6193945795132567,0.8526175069689801,73.03425296607836,0
2025-04-21 02:25:05.636,101.95352197097664,2.3704789270896485,0.22564278939035998,80.28271782414771,0
2025-04-21 03:25:05.636,84.53980432289067,2.401825075457511,0.9685114942228346,64.34555782337043,0
2025-04-21 04:25:05.636,100.49020348517885,2.464199370292968,0.5550816844949681,72.36816038405728,0
2025-04-21 05:25:05.636,109.95996582490899,2.481388881745079,0.7440379035956648,65.3680943500923,0
2025-04-21 06:25:05.636,129.02287215590084,2.86381477181849,1.1836661884766273,72.77756323171124,0
2025-04-21 07:25:05.636,119.18541652170414,2.5259729429036497,0.9690517947596595,65.40656744256952,0
2025-04-21 08:25:05.636,143.06364915023113,2.86632003860779,0.6194408056282503,67.91316593197458,0
2025-04-21 09:25:05.636,84.65304874223901,2.459641709945709,0.4326423323754137,68.52455042881047,0
2025-04-21 10:25:05.636,117.44641273441357,2.539317595158045,0.0544553796012085,74.87908359672355,0
2025-04-21 11:25:05.636,103.66684011476704,1.5008996577339462,0.48425400422727394,74.59227221971207,0
2025-04-21 12:25:05.636,143.79605866435344,2.9581638373512407,0.6366609283516916,63.77141311776808,0
2025-04-21 13:25:05.636,83.83403429289697,2.6732442379489965,0.4038461418546448,70.27467055499925,0
2025-04-21 14:25:05.636,83.20556315638447,2.999005054929826,0.6606229098723085,66.45210072625413,0
2025-04-21 15:25:05.636,88.01214709111956,1.0518723109031554,0.7230555648876305,63.70747544662333,0
2025-04-21 16:25:05.636,57.52208551380386,3.544187352390364,0.6325432054575764,68.91491474787814,0
2025-04-21 17:25:05.636,89.48489956638478,2.430205185922413,0.5049992257529621,68.4575860577209,0
2025-04-21 18:25:05.636,84.81734676892604,3.054091408368758,0.7505964015900183,82.13358243172762,0
2025-04-21 19:25:05.636,103.00787572952416,1.9800470364372345,0.8325821948708226,72.16479912680349,0
2025-04-21 20:25:05.636,106.83511951554318,2.806386952531285,0.37288027676714613,63.11191249622881,0
2025-04-21 21:25:05.636,137.52341678431773,1.9732922184131718,1.123279713923881,67.17612997914529,0
2025-04-21 22:25:05.636,119.008476763721,2.1881155196520976,0.6704235603147214,75.106916477147,0
2025-04-21 23:25:05.636,88.46192688675194,3.457015676933393,0.7056548868834542,80.44221386434963,0
2025-04-22 00:25:05.636,82.03170657303284,2.4046587996183266,0.9124643269769671,62.07008343881021,0
2025-04-22 01:25:05.636,109.83838343013011,2.6087164365898614,0.7699648393790505,60.60037807430477,1
2025-04-22 02:25:05.636,73.59533585958715,2.9350338653443773,0.9859409901739735,79.35482587685891,0
2025-04-22 03:25:05.636,136.62917531708706,2.7478409439863025,0.7861372495605472,71.94807088685452,1
2025-04-22 04:25:05.636,123.58880241442574,2.575209452571788,0.5162687876078687,65.65853634061817,1
2025-04-22 05:25:05.636,90.6164869579059,2.6824805012331128,0.8084510575618304,72.67314543061218,0
2025-04-22 06:25:05.636,65.73730941818245,3.7017077926191373,0.35688213780380146,56.82126130491561,0
2025-04-22 07:25:05.636,127.07744748330825,2.4711906014832072,0.7325679117329569,70.0168775329858,0
2025-04-22 08:25:05.636,97.70920309494764,2.6005495233574836,0.6900310028066617,71.63910586421542,0
2025-04-22 09:25:05.636,124.75632623946923,3.025327198003806,0.6375649428182381,74.62135069768915,0
2025-04-22 10:25:05.636,68.11144682411266,3.052762966478992,0.6614387465683207,64.93052023853731,0
2025-04-22 11:25:05.636,88.01249954092454,3.0935151527801903,0.1354452863507083,70.4284358070168,0
2025-04-22 12:25:05.636,100.10487399436366,2.8193651110145925,0.5353825276777116,65.37287686970207,0
2025-04-22 13:25:05.635,100.93961187529484,1.9284975436347582,0.7278534703423344,71.27691877837158,0
2025-04-22 14:25:05.635,90.99869057041512,3.3167157661505478,0.7479569175992201,65.52326838818487,0
2025-04-22 15:25:05.635,112.45699864694997,1.926827303490656,0.39169745772221254,67.9594958041989,0
2025-04-22 16:25:05.635,78.6475914123481,2.6513177326195168,1.07971235225941,65.02092302604885,0
2025-04-22 17:25:05.635,97.15241029957413,2.122862074990321,0.4401475455356497,73.25568120911828,0
2025-04-22 18:25:05.635,102.40591263423798,2.467930826703504,0.990837160158021,74.29225558328332,0
2025-04-22 19:25:05.635,110.28877668117498,2.66438120515174,0.8281583085615054,68.82689715021293,0
2025-04-22 20:25:05.635,114.2322975617778,2.6606786077251368,0.506131807046859,70.19118997480014,0
2025-04-22 21:25:05.635,77.50715816324262,2.7109603771176425,1.2325932677828535,62.75704292683228,0
2025-04-22 22:25:05.635,69.31771658528756,3.3068556345293234,0.341908950473056,68.50161675996607,0
2025-04-22 23:25:05.635,125.55353643797018,2.7267671507569897,0.9757462520830005,69.74897691479127,0
2025-04-23 00:25:05.635,106.64628023959183,2.3779216823546756,1.0001746954128934,83.10396545514988,0
2025-04-23 01:25:05.635,85.03026926886892,2.982043584144179,0.4988139372770065,64.44016487112918,0
2025-04-23 02:25:05.635,131.02303951045047,3.09473524446232,1.1177395900192986,77.32088619376219,0
2025-04-23 03:25:05.635,102.31349268585717,1.8861960924315038,0.6249860456203141,74.98429386732904,1
2025-04-23 04:25:05.635,123.58594368127653,2.798700034924929,0.786608088783957,71.40318202245068,0
2025-04-23 05:25:05.635,101.35036962820217,2.8505863711554493,0.7780965516313662,78.79310242097567,0
2025-04-23 06:25:05.635,141.21495849763974,2.351218248320004,0.6597073775588356,71.86052736303431,0
2025-04-23 07:25:05.635,135.10681684886407,3.18785340665581,0.9432424819479346,71.94579597833965,0
2025-04-23 08:25:05.635,95.02071703041852,2.4249722064837367,0.9380466161656639,69.73439673491227,0
2025-04-23 09:25:05.635,119.43141901908712,2.5627882267357713,0.17544040802854577,76.11784441209313,0
2025-04-23 10:25:05.635,112.90751899170294,2.413464087858065,1.0913020728634457,75.48234616905442,0
2025-04-23 11:25:05.635,127.37263115064698,2.5077895237907337,0.2012524035892977,66.87161356251895,1
2025-04-23 12:25:05.635,80.70153078839792,1.9518624565523992,1.009763861302497,63.40376402700616,0
2025-04-23 13:25:05.635,113.72102919996878,1.7799745587028528,1.0380115410482749,68.98509681302171,0
2025-04-23 14:25:05.635,121.16848973699176,3.297252531612486,0.3727100709354405,65.99980717801176,0
2025-04-23 15:25:05.635,64.82521027153771,2.0765193258408363,0.5767557136136245,69.68237712692323,0
2025-04-23 16:25:05.635,76.3348297466845,2.0043038252718466,0.36828859945421927,76.1871906734207,0
2025-04-23 17:25:05.635,59.21535644479799,1.4233049431981426,0.6355236909133793,67.71349172456605,0
2025-04-23 18:25:05.635,94.61186331110885,2.180519126155249,0.6075897147442776,69.78588309344212,0
2025-04-23 19:25:05.635,114.35084511591924,1.8384551032962508,0.9338981596808019,70.29011367404198,0
2025-04-23 20:25:05.635,130.04714104192055,3.3210075800681844,1.0930926238358825,74.24215441102642,0
2025-04-23 21:25:05.635,101.4818956083955,3.0049085446713173,1.1187051432369868,58.765553330076976,0
2025-04-23 22:25:05.634,132.57231091142583,2.155924827411138,0.5313495920265093,66.96649852617351,0
2025-04-23 23:25:05.634,72.39797083570217,3.6262179026721544,0.6372334378766417,71.05641846139736,0
2025-04-24 00:25:05.634,65.9323512128969,2.990882743495797,0.19496854233371486,76.00039478213431,0
2025-04-24 01:25:05.634,98.88904602206762,2.3375843082456886,0.45823898005114333,67.54048776246897,0
2025-04-24 02:25:05.634,107.68130897878615,1.2502971425632134,0.9894554899292372,60.617236469790626,0
2025-04-24 03:25:05.634,99.34610503811814,3.645471286295371,1.1846748470644695,73.09855722983067,0
2025-04-24 04:25:05.634,58.65115799920247,1.805213766618202,0.32969533843602333,66.82318805587185,0
2025-04-24 05:25:05.634,98.21759920974424,1.677300626521554,0.5222607222541317,64.0516667045482,0
2025-04-24 06:25:05.634,73.91060998990294,3.0112852160048202,0.6920782729123218,66.87827305143388,0
2025-04-24 07:25:05.634,113.39345097660077,3.7198762031696364,0.7840483476458819,69.07737321172075,0
2025-04-24 08:25:05.634,107.33196492193696,3.192136409255259,0.4571189440235061,66.97627667730893,0
2025-04-24 09:25:05.634,81.2024042734529,2.78195456002618,0.8272183133392268,58.97216971450465,0
2025-04-24 10:25:05.634,89.72266165326613,2.797377170832643,0.5578481958787251,74.48533098443566,0
2025-04-24 11:25:05.634,78.81572956222097,2.9267077793901537,0.6956643187365162,76.37437520639361,0
2025-04-24 12:25:05.634,98.74641805453656,2.8794642948933826,0.8638852744011098,73.25760995669754,0
2025-04-24 13:25:05.634,119.10284641002477,2.640595711984688,0.7019266809432813,64.31157164787592,0
2025-04-24 14:25:05.634,80.28547907328912,2.552100551975938,0.5690842328420294,68.99254233026241,0
2025-04-24 15:25:05.634,110.08093031035689,2.4687034360502387,0.6671170588222507,69.96739342385271,0
2025-04-24 16:25:05.634,89.39484763255118,2.123017705566662,0.6734911122383993,72.99397194780956,0
2025-04-24 17:25:05.634,84.14254335475312,2.359662461566613,0.5889966910353617,73.3417024435904,0
2025-04-24 18:25:05.634,97.85939280090885,1.6535215929023073,0.6223611811998693,66.32913100610752,0
2025-04-24 19:25:05.634,79.29515355161251,2.450830186602625,1.179594151151415,70.4099777820678,0
2025-04-24 20:25:05.634,88.92701389305635,2.0057044464245415,0.8682758343823715,72.2864020230762,0
2025-04-24 21:25:05.634,76.04244214822303,1.9482053413921145,0.6113559045912519,77.27911161073384,0
2025-04-24 22:25:05.634,139.2945026583278,2.589947075576739,0.9090863213532206,73.52253269912362,0
2025-04-24 23:25:05.634,100.70527103943458,3.1960011431722997,0.599854153073197,73.94528343687759,0
2025-04-25 00:25:05.634,86.00548984014829,2.9591583030011566,1.0519373912759924,70.4191331396468,0
2025-04-25 01:25:05.634,104.27959821468444,1.7147496981884114,0.8108926576594281,77.05229572601752,0
2025-04-25 02:25:05.633,97.7534390061834,2.005185931714831,0.6678093567987313,72.04881397979749,1
2025-04-25 03:25:05.633,95.58060800933553,2.970385593994108,0.8343150777430832,65.69456044913215,0
2025-04-25 04:25:05.633,112.2833340008685,2.0087563032308453,0.2287371543794502,77.01684985062596,0
2025-04-25 05:25:05.633,115.1501542009461,2.387683425001488,0.3619697593270584,73.48951636269514,0
2025-04-25 06:25:05.633,89.38997704778944,2.775026049512276,0.34182249808028337,67.78477989435758,0
2025-04-25 07:25:05.633,88.4836351871064,2.0158277725681826,0.742882928429112,67.60253516300378,0
2025-04-25 08:25:05.633,94.49896605696712,2.55268775307298,1.2197544998455276,71.48287772570382,0
2025-04-25 09:25:05.633,53.9615767052883,1.8329872525408977,1.3693900438577895,72.31592397633793,0
2025-04-25 10:25:05.633,69.69617875602896,2.199316178024393,0.8914153304322271,70.98646132815603,0
2025-04-25 11:25:05.633,127.3374853488905,2.6598909670712683,0.8502533424833371,71.55654336721443,0
2025-04-25 12:25:05.633,132.89935427002567,1.7035031332341655,0.15968267975417827,78.4997868728819,0
2025-04-25 13:25:05.633,95.01927920887243,2.7202373689801993,0.5371978600797934,75.35771576117443,0
2025-04-25 14:25:05.633,111.53113926111533,2.490181100536659,0.4636648744275283,70.95317795632512,0
2025-04-25 15:25:05.633,106.22500309087073,2.7762449772085738,0.5137457205246652,74.70655290383742,0
2025-04-25 16:25:05.633,161.57761616910477,2.6119570670323307,0.6495568544245631,64.8373804823623,0
2025-04-25 17:25:05.633,122.39149822869153,3.182070214986922,0.5583728266908617,71.98963524973405,0
2025-04-25 18:25:05.633,97.44164817038467,2.5626122513239538,0.1062100568872637,79.04653174866556,0
2025-04-25 19:25:05.633,80.88919118799149,2.2852972294373735,0.92437307683526,68.90977052303813,0
2025-04-25 20:25:05.633,67.87107359484855,2.561148751516142,0.378177092278058,65.76183035690458,0
2025-04-25 21:25:05.633,104.06927271734446,2.771649014518194,0.7717740592333449,66.73955555703469,0
2025-04-25 22:25:05.633,84.87298509431393,2.5244300351628524,1.322224800924992,64.55183481328805,0
2025-04-25 23:25:05.633,71.55492580804652,2.5202958456019413,0.42418462252407296,66.07619045936148,0
2025-04-26 00:25:05.633,87.06854231514947,2.1490041560966224,0.0,68.14745950704986,0
2025-04-26 01:25:05.633,78.3690399277121,2.168549541224526,0.6141987334359668,62.97216490410679,0
2025-04-26 02:25:05.633,133.74283270145128,1.7986973641001534,1.0302878904995714,70.07809166974802,0
2025-04-26 03:25:05.633,117.63279513898901,3.3747883715934694,1.287504236266178,74.51138586893323,0
2025-04-26 04:25:05.632,99.84054717366766,1.8780683823043574,0.3311351216642749,65.46121909926539,0
2025-04-26 05:25:05.632,129.59888277780053,2.1535474011020463,0.8490097669709564,77.59641961820884,0
2025-04-26 06:25:05.632,101.54736615295236,2.140796367215401,0.560406862965984,72.55396044263797,0
2025-04-26 07:25:05.632,82.77431597343472,2.9474621884722207,0.6682154937087592,75.15290292812028,0
2025-04-26 08:25:05.632,130.46248154539313,2.352525160853986,1.4933030041051105,66.71082723073931,0
2025-04-26 09:25:05.632,110.77820087369318,3.123871036336867,0.24910890148145404,74.27262613533308,0
2025-04-26 10:25:05.632,79.25507691347087,2.163254687878066,0.776121898448372,64.54033049802344,0
2025-04-26 11:25:05.632,96.19322643832784,2.639497081111901,0.8403079515296299,74.45123750418254,0
2025-04-26 12:25:05.632,82.48763493230486,2.0823264733701214,1.025735897481804,70.85919669896765,0
2025-04-26 13:25:05.632,72.34400538071327,3.572574563886694,0.7293949460412685,72.76625609992392,0
2025-04-26 14:25:05.632,118.52355095063282,1.9062007904852436,0.7924151618512306,64.12202697187574,0
2025-04-26 15:25:05.632,138.1883328094026,2.654910355113514,0.5825054297734626,65.52465078861698,0
2025-04-26 16:25:05.632,72.02864852361718,2.816888440466049,0.7807380823735321,72.98614109126693,0
2025-04-26 17:25:05.632,111.25938473381142,2.7068995487257492,0.5970423173507768,65.258259978879,0
2025-04-26 18:25:05.632,86.98714861756346,2.4073561705611457,0.8864715669568152,72.31603146049561,0
2025-04-26 19:25:05.632,90.25749232470608,2.435089650133287,0.5891168991869098,63.16431096769877,0
2025-04-26 20:25:05.632,88.15212151522262,2.521905735989555,0.8131301181706558,74.24087106333334,0
2025-04-26 21:25:05.632,82.72018460640368,2.4264989991857555,0.6912211558945065,63.83738342615746,0
2025-04-26 22:25:05.632,100.97043255889653,2.981939558397455,1.0378150752316504,72.76149968839762,0
2025-04-26 23:25:05.632,83.38099767177924,3.6052615007956756,0.6845818829234541,73.12815466823001,0
2025-04-27 00:25:05.631,105.40913651559677,2.221254107496083,0.16809025953793555,66.51614090785212,0
2025-04-27 01:25:05.631,98.99523781101726,1.815098510210461,1.0785764502141975,72.91013283542364,0
2025-04-27 02:25:05.631,95.2210390626718,2.4558589758243725,0.4282803097412143,71.30221131666778,0
2025-04-27 03:25:05.631,81.84872675916804,3.789854668827159,0.503870098405354,67.30579071903631,0
2025-04-27 04:25:05.631,88.46457338863334,2.0981627160151346,0.5213016117869523,64.95722657961896,0
2025-04-27 05:25:05.631,115.10782451651512,3.3195584027220337,1.112331427951245,60.1868715416371,0
2025-04-27 06:25:05.631,110.01834375248761,3.3388504070382203,0.059297735806391305,71.74825023649846,1
2025-04-27 07:25:05.631,80.44889510402898,2.2232058791460028,1.641324560097998,62.175986143189725,0
2025-04-27 08:25:05.631,101.98664610858452,2.7844915395926377,1.0168170427198155,70.47672099720654,0
2025-04-27 09:25:05.631,115.02774246743579,3.314198311564269,0.7669716742387478,68.68275891958875,0
2025-04-27 10:25:05.631,66.61189437757257,2.3104361295062565,0.683531799815114,73.39571387719097,0
2025-04-27 11:25:05.631,110.8672038475987,2.398209819948819,0.785666222457297,68.48977250255068,0
2025-04-27 12:25:05.631,86.74752482108306,2.2091595430256783,0.8563367285138015,68.35276106826454,0
2025-04-27 13:25:05.631,111.41197337186318,1.9926216346535666,0.8935646757850171,73.65935352144147,0
2025-04-27 14:25:05.631,84.73481686914967,2.1753612274669964,0.8666813398010345,71.67529014542059,0
2025-04-27 15:25:05.631,63.90235798670962,1.8880298666188717,0.7268742043765746,71.58077978591389,0
2025-04-27 16:25:05.631,67.44915124233674,2.517041734129613,0.6407984739078021,72.34633794904263,0
2025-04-27 17:25:05.631,100.96169893322764,2.115013384470679,0.6546180149039464,62.32213938396447,0
2025-04-27 18:25:05.631,105.19445003442964,2.616892955895374,0.6415275158941957,73.78394339993491,0
2025-04-27 19:25:05.631,81.91366749791183,1.7220521768981865,1.0401310290601193,73.06234397006801,1
2025-04-27 20:25:05.631,112.77184917554747,2.6654401161072285,0.8780670166842586,64.91658435711751,0
2025-04-27 21:25:05.631,66.7695987546208,2.916764480804462,0.0,68.77959763162899,0
2025-04-27 22:25:05.631,98.67840402705367,1.5031321787142722,0.8967702329589282,69.80346356186185,0
2025-04-27 23:25:05.631,75.77967600475087,2.687028284923786,0.7584208584156324,69.32751607799133,1
2025-04-28 00:25:05.631,86.96327784395682,3.113834496236646,0.6943873730662308,71.66929983284267,0
2025-04-28 01:25:05.631,100.94797342632828,1.8951794906543973,0.5834444640733342,77.15683390915592,0
2025-04-28 02:25:05.631,82.79173269432096,3.336286193418852,1.0372338159958039,75.40883363836414,0
2025-04-28 03:25:05.631,92.30888911540349,2.7095095046830227,0.9842579386368573,63.43890403284297,0
2025-04-28 04:25:05.631,120.1258561842888,2.1474940721207956,0.46813669965291727,73.11034995153024,0
2025-04-28 05:25:05.630,88.46216260953702,2.472115461171147,0.8221156861373605,76.64466659767704,0
2025-04-28 06:25:05.630,116.71384224130284,2.779163456260861,0.40850297963761417,71.93404260344602,0
2025-04-28 07:25:05.630,77.40586290684763,2.5380026957062056,0.2861145505633208,75.45490212592983,0
2025-04-28 08:25:05.630,110.59608355830565,2.7693779962231844,0.5119848326230104,80.06135222850382,0
2025-04-28 09:25:05.630,128.83137241315802,2.039663203460317,0.9587180417148276,75.11854773053491,0
2025-04-28 10:25:05.630,50.56710999745421,2.584680412018039,0.9859375136128259,71.24654297820864,0
2025-04-28 11:25:05.630,84.06209489059046,1.79314275154751,0.8539256260291879,75.22544237042376,0
2025-04-28 12:25:05.630,111.5414425436108,2.4443869693256497,0.9175287360543991,70.72443916548445,0
2025-04-28 13:25:05.630,95.93909227914014,2.048046179267605,0.8548534861344874,70.11951521642477,0
2025-04-28 14:25:05.630,107.42291746742617,2.1322350287051166,0.5075555214331143,68.24292882143133,0
2025-04-28 15:25:05.630,87.92029626568359,3.118046587605219,0.8295767634021821,77.81706679416054,0
2025-04-28 16:25:05.630,101.731795749458,3.0456550602971344,0.9401228575683046,65.90785667028999,0
2025-04-28 17:25:05.630,96.88645529215842,2.8045690604535887,0.9262873989440722,77.66183862339058,0
2025-04-28 18:25:05.630,123.35564123319614,1.9538436176637104,1.056674011442393,72.49932061870186,0
2025-04-28 19:25:05.630,105.08841686602426,2.341795775152599,0.9124911541603191,63.00346912599029,0
2025-04-28 20:25:05.630,106.75205324150404,3.1065488499895917,0.8054344622624748,71.83824646495711,0
2025-04-28 21:25:05.630,91.76246067755065,2.5708584568199524,1.0210450714949282,59.49986746174188,0
2025-04-28 22:25:05.630,90.24787551855013,3.6596647699908473,0.6920436222252819,73.12754008415519,0
2025-04-28 23:25:05.630,91.34883624360758,2.6966589196971857,0.4354376046316846,74.42615741494495,0
2025-04-29 00:25:05.630,107.88904284756593,2.596024558245016,0.6510799108168708,67.03822022173973,0
2025-04-29 01:25:05.630,91.58031038359474,2.345441767898749,0.47652920655806524,70.61773847977791,0
2025-04-29 02:25:05.630,105.79549713792827,2.566770452391141,0.49744651750768554,79.77078716875143,0
2025-04-29 03:25:05.630,141.50801597290877,2.4237650818097283,0.6566443987853446,67.47126647869031,1
2025-04-29 04:25:05.630,117.42249406863385,2.8540543383442953,0.4622740237000116,64.705462064717,0
2025-04-29 05:25:05.630,93.47952935664318,2.978351158397292,0.6076115411082879,77.40831701231299,0
2025-04-29 06:25:05.630,124.02427844327889,2.107005269746025,0.13191559991386426,79.81293595265397,0
2025-04-29 07:25:05.630,91.83849253956897,1.834383523221111,0.7639881122118816,70.01847835923924,0
2025-04-29 08:25:05.630,59.23750929644292,1.5818973134483518,0.7003616426086672,75.05731517704179,0
2025-04-29 09:25:05.630,79.83827378165192,2.753995663456272,0.4548734106795428,76.70737957765441,0
2025-04-29 10:25:05.630,62.58416157948289,1.9483166969130632,0.8977737005297215,66.28757883730808,0
2025-04-29 11:25:05.630,92.96973031917383,1.4235547035237586,0.9812710412879675,67.57347082316066,0
2025-04-29 12:25:05.630,100.36836758379103,2.694289302265482,0.21773204068930774,76.15437256577367,0
2025-04-29 13:25:05.630,133.52874624550566,3.7464997587163955,0.4711825664301357,78.42507139354255,0
2025-04-29 14:25:05.630,106.53854747528325,2.496964544230053,0.46925729506381053,72.81440430087177,0
2025-04-29 15:25:05.630,95.61798942382272,2.919245387225821,0.41802906966734055,65.60092823248974,0
2025-04-29 16:25:05.630,116.58811162366979,2.5409146792737825,0.9488424525795245,79.9353055584972,0
2025-04-29 17:25:05.630,55.7772938198423,2.4505551734044286,0.6418521583681589,67.34514551094017,0
2025-04-29 18:25:05.630,104.71229116217131,2.9595382414938842,0.6206455476068167,68.32431109414274,0
2025-04-29 19:25:05.630,115.41730387773933,2.354862727905674,0.09884129067797398,71.7116891724481,0
2025-04-29 20:25:05.630,70.42827508440317,2.6336961570359514,0.8906254090627679,77.77080210357387,0
2025-04-29 21:25:05.630,122.87508086413858,2.6608489030980067,0.3282224815439582,74.26987988276112,0
2025-04-29 22:25:05.629,106.76992814988829,2.1659547731784756,0.7179797890798985,72.07432750180955,0
2025-04-29 23:25:05.629,91.69424172198397,2.9960211747682615,0.7832130813874575,72.31644265059053,0
2025-04-30 00:25:05.629,112.6556373221257,2.4125201216522956,1.1081975787515952,70.21757334321732,0
2025-04-30 01:25:05.629,145.41385715608791,2.1221274202535776,0.30735388026426635,72.79069757259253,0
2025-04-30 02:25:05.629,103.6373251011699,2.7682549217852017,0.0,57.352199611528484,0
2025-04-30 03:25:05.629,104.96441172600672,2.0507660091044815,0.7551548634261084,68.51696270465101,0
2025-04-30 04:25:05.629,90.81278200919512,2.514090578684564,1.240153354453256,71.2066096745839,0
2025-04-30 05:25:05.629,83.00311261070416,2.495440501677898,1.071683905881831,64.24492958190247,0
2025-04-30 06:25:05.629,116.60671633088491,3.042947782915789,0.7628978245823876,71.9316165890578,0
2025-04-30 07:25:05.629,82.87832348182266,2.7373491164399764,0.5525091443103858,68.97764389506939,0
2025-04-30 08:25:05.629,101.43132474438785,2.487486520627428,0.9421367789911931,78.77737849157745,0
2025-04-30 09:25:05.629,90.44685106469767,2.9088831496001437,0.40793614008865936,77.86509862607429,0
2025-04-30 10:25:05.629,109.57959651492784,3.195103774508657,0.8429073308068658,67.67097215440918,0
2025-04-30 11:25:05.629,106.67324210573896,2.778905153175931,0.8516410477499881,69.24581144216653,0
2025-04-30 12:25:05.629,120.75079888515799,2.50517630992169,1.018062972249664,69.63026217195804,0
2025-04-30 13:25:05.629,89.79967202290506,1.8440818838249202,1.5278980116733232,67.74170261920189,0
2025-04-30 14:25:05.629,94.60250129413258,1.9674431684623137,0.8177247901536301,70.97512492014063,0
2025-04-30 15:25:05.629,80.42472568435386,2.347387647822666,0.5473109122877503,66.20858965556205,0
2025-04-30 16:25:05.629,91.11413479847776,2.195243898920358,0.6923277063424016,64.34692332531237,0
2025-04-30 17:25:05.629,107.54600986089704,2.406514348507277,0.16927722853326455,73.11355611950134,0
2025-04-30 18:25:05.629,115.13977233290704,2.5283249624485538,0.4915860606732825,73.14764792110905,0
2025-04-30 19:25:05.629,81.5566935164475,2.7648463771783653,0.5772152685660688,65.97842120170004,0
2025-04-30 20:25:05.629,117.3921184021132,2.4647506109704542,0.5427734806196223,74.476777153813,0
2025-04-30 21:25:05.629,127.11275717609902,2.743250821913101,0.7457064616101166,66.84211135417334,0
2025-04-30 22:25:05.629,108.26869806447402,2.53223720740506,0.4532740202853398,71.26582619018991,0
2025-04-30 23:25:05.629,137.53591625116132,1.5122667168230643,1.0363092001973413,74.10172006306227,0
2025-05-01 00:25:05.629,84.52421601792854,2.030332303090623,0.700062119475459,69.83193717648143,0
2025-05-01 01:25:05.629,75.10690593377166,2.4279562221391924,0.6972099036584156,72.27370456070567,1
2025-05-01 02:25:05.629,64.42559502191443,1.8951526285794462,0.6016315850461246,67.41785178056215,0
2025-05-01 03:25:05.629,129.92088622978366,2.799964364998102,0.7465572051576936,69.01766708285952,0
2025-05-01 04:25:05.629,113.08731312708116,3.2653754161718487,0.9475294794002904,68.9707028455983,0
2025-05-01 05:25:05.629,98.8883065817909,3.1093809258486584,0.43986093528672987,66.26710826729881,0
2025-05-01 06:25:05.629,105.59937252639641,2.393278564534896,0.502565053277423,69.11612918442108,0
2025-05-01 07:25:05.629,77.49021905403247,3.245363068424976,0.6088821913670006,62.25690850568127,0
2025-05-01 08:25:05.629,148.91503959233654,2.5743337286010557,0.2962387229580355,67.54423126428948,1
2025-05-01 09:25:05.629,102.58442363950455,2.3314570144409803,0.4542226420835506,68.57562253315164,0
2025-05-01 10:25:05.629,102.18789589209786,2.19329866822953,0.5571337379366023,68.7191012375231,0
2025-05-01 11:25:05.629,114.51533247797384,2.348765156755936,0.9623167542138182,68.79251277064611,0
2025-05-01 12:25:05.629,109.62018463473427,2.3059115907293855,0.7787683987005775,69.69117900069935,0
2025-05-01 13:25:05.629,104.47768048558262,2.585208111187744,0.7580769734102633,72.39720759043033,0
2025-05-01 14:25:05.629,84.19051089109377,2.5802869905249324,0.9552693886503916,74.37258537066262,0
2025-05-01 15:25:05.629,109.42936714271991,2.501523010076707,0.6587884634801809,66.75117386575866,0
2025-05-01 16:25:05.629,137.6404899295007,2.718469084873175,0.8171394549786668,63.98399572305428,0
2025-05-01 17:25:05.629,126.90840092309955,3.0953231373931707,0.669033474120251,64.78977793878448,0
2025-05-01 18:25:05.629,131.86373253278794,2.974777067720662,0.7796087048198885,67.56398539402537,0
2025-05-01 19:25:05.629,89.7756864713763,1.7575510157750482,0.5251724027165253,68.24039341091745,0
2025-05-01 20:25:05.629,80.20790359482838,1.2230394325490226,0.0,66.1500196690127,0
2025-05-01 21:25:05.629,97.48426159800704,2.967159955619637,0.6597162513441087,63.51941667875053,0
2025-05-01 22:25:05.629,101.11449824577389,1.8165606507922893,1.126824440829982,67.71939586262906,0
2025-05-01 23:25:05.629,121.88383036941897,2.3876172990536584,0.9778646206724777,70.90713310056985,1
2025-05-02 00:25:05.629,66.15070740570361,1.9149434869703201,0.9896192453773511,72.97514732917783,0
2025-05-02 01:25:05.629,130.59100638921228,1.5990097812099902,1.0708392165418652,67.2128847344584,0
2025-05-02 02:25:05.629,96.83984202842021,2.770731364102394,0.7265972772884312,67.93501088928284,0
2025-05-02 03:25:05.629,91.4623786010516,2.8795775801513233,0.7591947122216787,65.36650845576345,0
2025-05-02 04:25:05.629,79.75791249479664,2.2117447996366404,0.5147044313696949,69.84280414812612,0
2025-05-02 05:25:05.629,66.90286656268461,1.204478853927545,0.605178143191885,65.75785682904592,0
2025-05-02 06:25:05.629,116.46341167923829,2.2268777758737586,0.8847313449313424,72.865639066206,0
2025-05-02 07:25:05.629,101.46635934376808,2.6959020027012732,1.0611653311506448,61.070667540329445,0
2025-05-02 08:25:05.629,74.20078200517892,1.7605442156129356,0.6581661172957001,68.20185163773769,0
2025-05-02 09:25:05.629,74.09842455872769,2.5916799598895777,0.5649432205445765,71.50553669595871,0
2025-05-02 10:25:05.629,93.28430601419744,2.4923450754135024,0.7001583876569791,70.91917258161253,0
2025-05-02 11:25:05.629,133.38043050578784,2.789645749800544,0.8803620246787344,83.46516831990249,0
2025-05-02 12:25:05.629,94.8081729727279,2.5597901842070767,0.2668435551599374,71.74900012283953,0
2025-05-02 13:25:05.628,69.93714093763788,2.0134655295592223,0.011145714058828582,64.97972701578995,0
2025-05-02 14:25:05.628,95.08513871828112,3.098285750832246,0.5348389451525248,69.52267876455464,0
2025-05-02 15:25:05.628,94.54552860504658,2.420735213486515,0.33378627222575236,61.11876833266774,0
2025-05-02 16:25:05.628,46.06226714116857,2.486347730245034,0.5475579407058067,69.5970012535162,0
2025-05-02 17:25:05.628,98.91410266964375,2.033366020463402,0.6556659043547585,65.83471971499621,0
2025-05-02 18:25:05.628,95.38130939582643,2.278358874404245,0.5640254772930959,74.57695137780081,0
2025-05-02 19:25:05.628,113.92412729626837,2.0575986429865494,1.1357402603412234,67.25229862702233,0
2025-05-02 20:25:05.628,136.9791218989069,2.4135269700382884,0.7980234293806959,69.41617042102376,0
2025-05-02 21:25:05.628,122.53130059095514,3.3558542400711717,0.7901423078832485,66.82221079297798,0
2025-05-02 22:25:05.628,94.62222618890338,1.8140494285343218,0.8866621432130205,78.69425675926665,0
2025-05-02 23:25:05.628,77.86948182516659,1.6932193010616294,0.35835006466576924,68.39378616941045,0
2025-05-03 00:25:05.628,151.4671960649972,3.235585163746804,1.0117335362260804,79.162785217396,0
2025-05-03 01:25:05.628,101.18436868028977,2.3953381614240667,0.677270714039362,74.07075881059133,0
2025-05-03 02:25:05.628,100.27858583825892,2.165463630670042,0.9011441851723637,72.41033363667692,0
2025-05-03 03:25:05.628,99.51749825779993,3.019952343698038,0.3784428300879533,71.8436657365876,0
2025-05-03 04:25:05.628,103.9616952153571,2.197192230131568,0.2338723701951807,71.96898649108125,0
2025-05-03 05:25:05.628,97.11279176152115,3.413004856773468,0.9453668974075086,60.361637103271946,0
2025-05-03 06:25:05.628,88.52675986239527,2.8389629356696346,0.8129228578292549,68.60558302924622,0
2025-05-03 07:25:05.628,89.06282117519216,2.2560442959271487,0.4293845336927469,74.2257898559216,0
2025-05-03 08:25:05.628,99.34493459568003,3.5786541066327517,0.43910107561759165,69.75551408262947,0
2025-05-03 09:25:05.628,89.1315045773247,2.1971425384983307,1.0376304353244308,62.97405076598213,0
2025-05-03 10:25:05.628,85.74308434645671,2.8710476860046534,0.3431764321398016,69.73797774711265,0
2025-05-03 11:25:05.628,102.12860455383793,2.649646290203246,1.192801885976789,78.52052758127746,0
2025-05-03 12:25:05.628,94.90045565158289,3.150870644699399,0.4298137796056393,76.23445857767359,0
2025-05-03 13:25:05.628,130.0798597716538,3.2807555983634265,0.8915175776825148,69.68997995316984,0
2025-05-03 14:25:05.628,46.980603832139764,2.5160020745328833,0.6014144572753046,74.75724638529043,0
2025-05-03 15:25:05.628,121.83013703844924,2.1232910648269083,0.8809562293247029,68.16746489815974,0
2025-05-03 16:25:05.628,124.92170384995258,2.729986071469558,0.5367657993657422,61.480642065866405,0
2025-05-03 17:25:05.628,58.53219535183701,2.161142315123947,0.6511621281783116,65.37767005935223,0
2025-05-03 18:25:05.628,93.14624811839303,3.5066936237633115,0.7122757526187163,77.81444384254098,1
2025-05-03 19:25:05.628,92.57118268008418,2.5682676655413688,0.39934376326555815,68.63003459085348,0
2025-05-03 20:25:05.628,71.84976610564357,2.3173392243439457,0.9222473036260377,68.78308010312492,0
2025-05-03 21:25:05.628,84.4436662481825,2.5923401529324543,0.5460359300585244,68.5008090186256,0
2025-05-03 22:25:05.628,77.78848309068343,1.8264368552351518,0.6314200253979944,79.52068294786504,0
2025-05-03 23:25:05.628,135.04540886847246,2.0141929807446743,0.40169518761744627,78.12979457681031,0
2025-05-04 00:25:05.628,118.71356786294922,3.100206953972213,0.0,81.09390116724067,0
2025-05-04 01:25:05.628,125.43110189988317,2.171552860514302,0.6426916712199493,69.20477394799974,0
2025-05-04 02:25:05.628,114.4334412808647,1.97654450865903,1.4237846264838747,71.47812244373547,0
2025-05-04 03:25:05.628,77.41896457565542,2.768326376263643,0.9353812863694071,62.41678725289604,0
2025-05-04 04:25:05.628,89.50959467440452,3.0928520773314983,0.6942218860796816,77.38467213059137,0
2025-05-04 05:25:05.628,109.78749122455837,2.8594766553325335,0.6211327512375197,64.16110224366032,1
2025-05-04 06:25:05.628,75.55744382216109,2.9980238429029082,0.7067397678436139,71.08387781881315,0
2025-05-04 07:25:05.628,114.25996860344776,2.1216024557152697,0.8641357345525629,64.51348736183579,1
2025-05-04 08:25:05.628,95.1934920368373,1.7890946666290781,0.3457561554073465,67.05566586630653,0
2025-05-04 09:25:05.628,92.50358384900805,3.2506668259777434,1.0342965084006615,65.8136878447515,0
2025-05-04 10:25:05.628,114.21919936406982,2.338660080578932,0.9146143946323732,66.96062369662091,0
2025-05-04 11:25:05.628,108.8852662297208,2.3745834917724764,0.9154557177123803,67.3043864842551,0
2025-05-04 12:25:05.628,92.7806766836184,3.164097070924529,0.8315427216429181,67.25865602537462,0
2025-05-04 13:25:05.628,123.18659606728497,2.77811500470033,0.7058849973081969,74.16666955890153,0
2025-05-04 14:25:05.628,78.37873344800205,2.7279438860408036,0.9018583707900459,64.4756860346874,0
2025-05-04 15:25:05.628,112.31871213888527,3.582501172450542,0.8775442401224134,71.10270713506934,0
2025-05-04 16:25:05.628,111.86202515936768,2.1782408848099286,0.5937877867176928,76.0897957615278,0
2025-05-04 17:25:05.628,93.80907121372019,2.9639200640406185,0.5279194681309297,67.43401817743302,0
2025-05-04 18:25:05.628,106.52266044484236,2.528506562448542,0.730556888578596,66.41040554626198,0
2025-05-04 19:25:05.628,74.97772847229393,2.6342961394316284,1.1647060454485563,68.84737687409874,0
2025-05-04 20:25:05.628,118.48054038413802,3.264234213206266,0.3282678773038297,75.89862604180355,0
2025-05-04 21:25:05.628,96.30195727114022,2.753917878144812,0.25974242027426797,70.97053815476679,0
2025-05-04 22:25:05.628,89.54553958961921,2.7691480395248167,0.749428252370955,67.343928526962,0
2025-05-04 23:25:05.628,120.98018451673778,3.036253668654901,0.7152663105568053,72.4193832559402,0
2025-05-05 00:25:05.628,85.91312618914482,2.3175236352285573,0.7520024993111224,64.48853925081788,0
2025-05-05 01:25:05.627,71.83077407272881,2.0803951663304967,0.7731859593725501,73.40679755221474,0
2025-05-05 02:25:05.627,68.86741652952193,1.977595402989483,0.6330393236095584,72.04303653850884,0
2025-05-05 03:25:05.627,112.12019902691279,1.5168217053119992,1.1469590315806246,68.46095764430558,0
2025-05-05 04:25:05.627,74.39141295007434,3.528103564970161,0.2197288064570453,65.80707100776385,0
2025-05-05 05:25:05.627,135.0958836396873,1.9483958171391584,0.4514508925659262,65.56659538858271,0
2025-05-05 06:25:05.627,58.36141184232556,2.389373188207114,0.6690235719552857,72.67408668172955,0
2025-05-05 07:25:05.627,133.92912736580075,2.3615933500555397,0.2070433566537498,76.14490251244531,0
2025-05-05 08:25:05.627,104.22034934405237,2.6537033489045503,0.6472436786703786,66.81346126485603,0
2025-05-05 09:25:05.627,98.06573776259215,2.9078686062696484,1.1984410497184053,72.29193351775743,1
2025-05-05 10:25:05.627,89.10161826382101,2.9302367441798727,0.7062659464887885,59.564864906989655,0
2025-05-05 11:25:05.627,107.98272228704141,2.2084612807155306,0.769210271715605,67.076911346714,0
2025-05-05 12:25:05.627,99.24730595150304,2.4164391431067944,0.3219505704482259,69.84470533564549,0
2025-05-05 13:25:05.627,122.06603764033042,2.64128997524415,0.5150915775881567,65.45158291509082,0
2025-05-05 14:25:05.627,102.28455297324079,2.3756544369082264,0.5874410859028188,65.31746812605202,0
2025-05-05 15:25:05.627,103.00603522923755,3.3036727880099965,0.6046854709731297,66.66110221765557,0
2025-05-05 16:25:05.627,92.72775575572288,2.7454874758191257,1.0844931385011305,71.46096364163186,0
2025-05-05 17:25:05.625,98.86108752557865,2.8674388930249086,0.8673073182175373,69.06335490796813,0
